station_id,station_name,brand,address_line1,city,state,zip,latitude,longitude,regular_cash_price,regular_cash_posted_time,regular_cash_reporter,regular_credit_price,regular_credit_posted_time,regular_credit_reporter,midgrade_cash_price,midgrade_credit_price,premium_cash_price,premium_credit_price,diesel_cash_price,diesel_credit_price,has_convenience_store,has_car_wash,has_restrooms,accepts_credit_cards,rating,scraped_at
98041,CITGO,,650 Suffield St,Agawam,MA,01001,,,,,,2.74,2025-10-27T11:03:23.986Z,ciascher,,,,,,3.34,,,,,4.4,2025-10-28T15:42:10.756741
103606,CITGO,,1 River Rd,Agawam,MA,01001-2811,,,,,,3.19,2025-10-27T11:06:40.282Z,ciascher,,,,,,,,,,,4.2,2025-10-28T15:42:10.756741
124770,Cumberland Farms,,837 Suffield St,Agawam,MA,01001-2927,,,,,,2.74,2025-10-28T11:24:33.829Z,ciascher,,,,,,3.39,,,,,4.7,2025-10-28T15:42:10.756741
103729,Mobil,,308 Suffield St,Agawam,MA,01001-1749,,,,,,2.89,2025-10-27T11:04:28.016Z,ciascher,,,,,,,,,,,4.3,2025-10-28T15:42:10.756741
103611,Shell,,6 Lealand Ave,Agawam,MA,01001,,,,,,0,,,,,,,,0,,,,,4.3,2025-10-28T15:42:10.756741
27524,Shell,,325 Main St,Agawam,MA,01001-1805,,,,,,0,,,,,,,,,,,,,3.9,2025-10-28T15:42:10.756741
79698,Valero,,18 Springfield St,Agawam,MA,01001-1522,,,,,,2.89,2025-10-27T11:05:04.677Z,ciascher,,,,,,0,,,,,4.4,2025-10-28T15:42:10.756741
14711,CITGO,,260 College St ,Amherst,MA,01002-2330,,,0,,,0,,,,,,,,,,,,,3.5,2025-10-28T15:42:10.640606
14672,Cumberland Farms,,389 College St,Amherst,MA,01002,,,,,,0,,,,,,,,,,,,,4.8,2025-10-28T15:42:10.640606
10405,F.L. Roberts,,399 Northampton Rd,Amherst,MA,01002-2547,,,,,,0,,,,,,,,0,,,,,4.6,2025-10-28T15:42:10.640606
14720,Mobil,,161 N Pleasant St,Amherst,MA,01002-1726,,,,,,3.05,2025-10-28T10:14:47.485Z,jackcz,,,,,,,,,,,4.5,2025-10-28T15:42:10.640606
111019,Diamond Fuel,,1066 Federal St,Belchertown,MA,01007-9022,,,,,,0,,,,,,,,3.49,,,,,4.4,2025-10-28T15:42:09.813652
199858,Pride,,165 State St,Belchertown,MA,01007,,,0,,,2.74,2025-10-28T10:25:01.115Z,cwje,,,,,0,3.89,,,,,4.8,2025-10-28T15:42:09.813652
120901,Stop & Shop,,40 George Hannum St,Belchertown,MA,01007-9195,,,,,,2.75,2025-10-28T08:39:59.835Z,DaJo,,,,,,,,,,,3.8,2025-10-28T15:42:09.813652
84313,Sunoco,,122 Federal St,Belchertown,MA,01007-9700,,,,,,2.75,2025-10-27T10:24:20.080Z,DaJo,,,,,,3.49,,,,,4.6,2025-10-28T15:42:09.813652
117121,Gulf,,Mm 291 Ma Tpke West,Blandford,MA,1008,,,,,,3.15,2025-10-27T19:39:12.734Z,GasPriceHound,,,,,,3.96,,,,,3.8,2025-10-28T15:42:11.409692
117119,Gulf,,Mm 291 Ma Tpke East,Blandford,MA,1008,,,,,,3.15,2025-10-26T21:17:23.455Z,zbear,,,,,,3.69,,,,,3.7,2025-10-28T15:42:11.409692
42880,Shell,,3086 S Main St,Bondsville,MA,01009,,,,,,0,,,,,,,,0,,,,,4.2,2025-10-28T15:42:09.419399
95082,AAFES,,451 Airlift Dr,Chicopee,MA,01022-1518,,,,,,0,,,,,,,,,,,,,4.3,2025-10-28T15:42:26.310008
75953,BJ's,,650 Memorial Dr,Chicopee,MA,01020-5014,,,,,,2.59,2025-10-27T23:31:53.489Z,nancypants30,,,,,,,,,,,4.2,2025-10-28T15:42:26.310008
34506,BP,,1423 Memorial Dr,Chicopee,MA,01020-3967,,,,,,0,,,,,,,,0,,,,,4.1,2025-10-28T15:42:26.310008
75956,Big Y Express,,1177 Granby Rd,Chicopee,MA,01020-1566,,,,,,2.69,2025-10-26T18:57:19.962Z,earlvanze,,,,,,0,,,,,2.8,2025-10-28T15:42:26.310008
134309,CITGO,,1875 Memorial Dr,Chicopee,MA,01020-3160,,,,,,0,,,,,,,,,,,,,3.8,2025-10-28T15:42:26.310008
126647,CITGO,,1057 Montgomery Rd,Chicopee,MA,01013-3825,,,0,,,0,,,,,,,0,0,,,,,2.8,2025-10-28T15:42:26.310008
103124,CITGO,,947 Burnett Rd,Chicopee,MA,01020-4640,,,,,,0,,,,,,,,0,,,,,4.3,2025-10-28T15:42:26.310008
76135,CITGO,,451 Grattan St,Chicopee,MA,01020-1537,,,,,,2.64,2025-10-26T19:00:58.657Z,earlvanze,,,,,,0,,,,,4.7,2025-10-28T15:42:26.310008
75954,Cumberland Farms,,37 Montcalm St,Chicopee,MA,01020-2329,,,,,,0,,,,,,,,,,,,,4,2025-10-28T15:42:26.310008
63248,Cumberland Farms,,1061 Memorial Dr,Chicopee,MA,01020-3935,,,,,,0,,,,,,,,0,,,,,4.2,2025-10-28T15:42:26.310008
11531,F.L. Roberts,,2012 Memorial Dr,Chicopee,MA,01020-4306,,,,,,2.66,2025-10-28T10:25:24.280Z,cwje,,,,,,,,,,,4.1,2025-10-28T15:42:26.310008
125090,Gulf,,1031 Chicopee St,Chicopee,MA,1013,,,,,,2.6,2025-10-26T15:01:37.160Z,Buick455,,,,,,0,,,,,3.6,2025-10-28T15:42:26.310008
20746,Gulf,,646 Grattan Street,Chicopee,MA,01020,,,0,,,0,,,,,,,,,,,,,1.9,2025-10-28T15:42:26.310008
14723,Gulf,,810 Meadow St,Chicopee,MA,1013,,,,,,0,,,,,,,,0,,,,,3.1,2025-10-28T15:42:26.310008
125091,Highland Farms,,466 Chicopee St,Chicopee,MA,01013-2108,,,0,,,0,,,,,,,,,,,,,3.3,2025-10-28T15:42:26.310008
94074,Pride,,363 Burnett Rd,Chicopee,MA,01020-4650,,,,,,2.85,2025-10-28T10:25:56.436Z,cwje,,,,,,3.98,,,,,4.1,2025-10-28T15:42:26.310008
63250,Pride,,27 Montgomery St,Chicopee,MA,01020-1965,,,,,,2.74,2025-10-27T22:22:30.526Z,DataFeed,,,,,,3.89,,,,,2,2025-10-28T15:42:26.310008
75957,Stop & Shop,,672 Memorial Dr ,Chicopee,MA,01020-5099,,,,,,2.69,2025-10-27T22:48:26.259Z,towner35,,,,,,,,,,,3,2025-10-28T15:42:26.310008
10736,Sunoco,,2041 Memorial Dr,Chicopee,MA,01020-4362,,,,,,2.6,2025-10-28T10:25:36.159Z,cwje,,,,,,3.69,,,,,3.4,2025-10-28T15:42:26.310008
63253,Sunoco,,500 Montgomery St,Chicopee,MA,01020,,,,,,2.79,2025-10-26T18:56:55.958Z,earlvanze,,,,,,3.94,,,,,3.3,2025-10-28T15:42:26.310008
165970,Baker's Country Store,,101 River St,Conway,MA,1341,,,,,,0,,,,,,,,0,,,,,4.6,2025-10-28T15:42:26.310008
186677,Deerfield Convenience Store,,513 Greenfield Rd,Deerfield,MA,01342,,,,,,0,,,,,,,,,,,,,4.7,2025-10-28T15:42:26.310008
126056,7-Eleven,,97 Union St,Easthampton,MA,01027-1419,,,,,,3.01,2025-10-26T16:21:10.539Z,DataFeed,,,,,,3.99,,,,,4,2025-10-28T15:42:26.310008
197955,Cumberland Farms,,231 Northampton St,Easthampton,MA,01027,,,,,,3.01,2025-10-26T17:53:16.575Z,thrifty37,,,,,,3.91,,,,,4.9,2025-10-28T15:42:26.310008
125318,F.L. Roberts,,124 Northampton St,Easthampton,MA,01027-1045,,,,,,0,,,,,,,,0,,,,,4.6,2025-10-28T15:42:26.310008
136150,Gulf,,317 Main St,Easthampton,MA,1027,,,,,,0,,,,,,,,,,,,,4.4,2025-10-28T15:42:26.310008
125228,Pride,,60 Union St,Easthampton,MA,01027-1449,,,,,,3.01,2025-10-27T22:22:27.086Z,DataFeed,,,,,,3.86,,,,,4.3,2025-10-28T15:42:26.310008
109246,Cumberland Farms,,53 Main St,Florence,MA,01062-1485,,,,,,2.99,2025-10-27T15:20:24.137Z,dpdeb,,,,,,3.94,,,,,4.4,2025-10-28T15:42:26.310008
114592,Cumberland Farms,,74 W State St,Granby,MA,01033-9450,,,,,,0,,,,,,,,,,,,,4.8,2025-10-28T15:42:26.310008
113501,F.L. Roberts,,63 Main St,Greenfield,MA,01301,,,,,,0,,,,,,,,,,,,,3.4,2025-10-28T15:42:26.310008
104198,Irving,,223 Mohawk Tr,Greenfield,MA,01301,,,,,,2.8,2025-10-27T18:56:56.967Z,thrifty37,,,,,,3.49,,,,,4.6,2025-10-28T15:42:26.310008
51451,Mobil,,142 Mohawk Tr,Greenfield,MA,01301-3121,,,,,,2.79,2025-10-27T20:58:19.547Z,Crimson_HOUR,,,,,,3.49,,,,,4.2,2025-10-28T15:42:26.310008
155659,Planet,,109 Mohawk Trail,Greenfield,MA,01301,,,,,,2.79,2025-10-27T18:55:03.349Z,thrifty37,,,,,,3.55,,,,,4.4,2025-10-28T15:42:26.310008
63254,Shell,,100 Mohawk Tr,Greenfield,MA,01301,,,,,,2.79,2025-10-27T18:54:15.736Z,thrifty37,,,,,,3.59,,,,,4.2,2025-10-28T15:42:26.310008
76387,Shell,,242 Mohawk Tr,Greenfield,MA,01301-9623,,,,,,0,,,,,,,,,,,,,3.5,2025-10-28T15:42:26.310008
40723,Big Y Express,,73 Russell St,Hadley,MA,01035-9423,,,,,,2.92,2025-10-28T10:15:15.713Z,jackcz,,,,,,3.99,,,,,4.8,2025-10-28T15:42:26.310008
40724,Cumberland Farms,,109 Russell St,Hadley,MA,01035-9519,,,2.92,2025-10-28T10:15:01.099Z,jackcz,2.92,2025-10-28T10:15:01.131Z,jackcz,,,,,0,0,,,,,4.8,2025-10-28T15:42:26.310008
82177,Mobil,,110 Russell St,Hadley,MA,01035-9546,,,,,,2.95,2025-10-28T10:16:13.424Z,jackcz,,,,,,,,,,,4.6,2025-10-28T15:42:26.310008
125229,Pride,,445 Russell St,Hadley,MA,01035-9578,,,,,,2.99,2025-10-28T10:14:38.025Z,jackcz,,,,,,3.98,,,,,4.3,2025-10-28T15:42:26.310008
198186,Pride,,25 Russell St,Hadley,MA,01035,,,,,,2.98,2025-10-28T10:16:15.464Z,jackcz,,,,,,3.99,,,,,4.7,2025-10-28T15:42:26.310008
63255,Stop & Shop,,446 Russell St,Hadley,MA,01035-9566,,,,,,2.95,2025-10-28T10:14:28.569Z,jackcz,,,,,,,,,,,4.7,2025-10-28T15:42:26.310008
131351,City Gas,,3 Brown Ave,Holyoke,MA,01040-3501,,,2.76,2025-10-27T04:52:51.075Z,Jdanek630,2.76,2025-10-27T04:52:51.091Z,Jdanek630,,,,,3.49,3.49,,,,,3.9,2025-10-28T15:42:26.310008
51463,Gulf,,820 High St,Holyoke,MA,01040-3753,,,,,,2.75,2025-10-27T04:52:59.229Z,Jdanek630,,,,,,0,,,,,4.1,2025-10-28T15:42:26.310008
51466,Gulf,,636 Main St,Holyoke,MA,01040-5519,,,,,,0,,,,,,,,,,,,,3.1,2025-10-28T15:42:26.310008
120514,Holyoke Station,,1635 Northampton St,Holyoke,MA,01040-1933,,,0,,,0,,,,,,,,,,,,,3.9,2025-10-28T15:42:26.310008
146893,Pride,,1553 Dwight St,Holyoke,MA,01040,,,,,,2.75,2025-10-26T18:24:51.894Z,alliminator23,,,,,,3.75,,,,,4.2,2025-10-28T15:42:26.310008
131038,Racing Mart,,330 Main St,Holyoke,MA,01040-5703,,,,,,2.63,2025-10-28T10:26:28.395Z,cwje,,,,,,3.59,,,,,3.9,2025-10-28T15:42:26.310008
119988,Racing Mart,,405 Beech St,Holyoke,MA,01040,,,,,,0,,,,,,,,0,,,,,3.7,2025-10-28T15:42:26.310008
63257,Racing Mart,,580 South St,Holyoke,MA,01040,,,,,,2.75,2025-10-27T21:02:10.580Z,Gas_Master_G,,,,,,,,,,,4,2025-10-28T15:42:26.310008
123614,Shell,,1530 Northampton St,Holyoke,MA,01040-1939,,,0,,,0,,,,,,,0,0,,,,,4.2,2025-10-28T15:42:26.310008
51464,Shell,,225 Whiting Farms Rd,Holyoke,MA,01040-2839,,,,,,3.05,2025-10-26T16:59:55.798Z,JeseusSvs,,,,,,3.89,,,,,4.5,2025-10-28T15:42:26.310008
123616,Stop & Shop,,28 Lincoln St,Holyoke,MA,01040-3325,,,,,,2.75,2025-10-27T19:45:03.664Z,carnationdaisy2,,,,,,,,,,,4.2,2025-10-28T15:42:26.310008
102397,Stop & Shop,,2265 Northampton St,Holyoke,MA,01040-3447,,,,,,2.75,2025-10-27T20:59:06.869Z,Gas_Master_G,,,,,,,,,,,4.5,2025-10-28T15:42:26.310008
207824,Stop and Shop,,2265 Northampton ,Holyoke,MA,01040,,,,,,2.75,2025-10-27T20:58:51.095Z,Gas_Master_G,,,,,,,,,,,3.7,2025-10-28T15:42:26.310008
102118,Cumberland Farms,,66 Parker St  ,Indian Orchard,MA,01151,,,,,,0,,,,,,,,,,,,,4.4,2025-10-28T15:42:26.310008
63259,Gulf,,363 Main St,Indian Orchard,MA,01151-1225,,,,,,0,,,,,,,,0,,,,,4.1,2025-10-28T15:42:26.310008
1823,Cumberland Farms,,463 Center St,Ludlow,MA,01056-2769,,,,,,2.87,2025-10-28T11:36:13.607Z,Jdanek630,,,,,,,,,,,4.5,2025-10-28T15:42:26.310008
1366,Cumberland Farms,,105 West St,Ludlow,MA,01056-2184,,,,,,0,,,,,,,,,,,,,4.7,2025-10-28T15:42:26.310008
92849,Cumberland Farms,,320 East St,Ludlow,MA,01056-3041,,,,,,2.87,2025-10-28T05:58:48.729Z,frankly,,,,,,3.99,,,,,4.3,2025-10-28T15:42:26.310008
116251,Gulf,,Mm 667 Ma Tpke West,Ludlow,MA,1056,,,,,,3.15,2025-10-28T10:26:11.619Z,cwje,,,,,,3.96,,,,,4.4,2025-10-28T15:42:26.310008
4569,Gulf,,Mm 559 Ma Tpke East,Ludlow,MA,1056,,,,,,3.15,2025-10-28T10:26:51.085Z,cwje,,,,,,3.96,,,,,4.2,2025-10-28T15:42:26.310008
68958,Mobil,,341 West St,Ludlow,MA,01056-1015,,,,,,0,,,,,,,,,,,,,4.6,2025-10-28T15:42:26.310008
103727,Pride,,478 Center St,Ludlow,MA,01056-2734,,,,,,2.89,2025-10-28T11:36:07.200Z,Jdanek630,,,,,,3.89,,,,,4.5,2025-10-28T15:42:26.310008
2331,Shell,,227 Center St,Ludlow,MA,01056-2702,,,,,,2.95,2025-10-28T10:25:40.593Z,cwje,,,,,,3.99,,,,,4.5,2025-10-28T15:42:26.310008
1824,Sunoco,,425 Center St,Ludlow,MA,01056,,,,,,2.97,2025-10-28T11:36:17.463Z,Jdanek630,,,,,,,,,,,4.2,2025-10-28T15:42:26.310008
204759,Big Y Express,,188 N King St,Northampton,MA,01060,,,,,,2.89,2025-10-28T12:51:31.510Z,dpdeb,,,,,,3.99,,,,,4.3,2025-10-28T15:42:26.310008
103804,Cumberland Farms,,134 King St ,Northampton,MA,01060-2349,,,,,,2.87,2025-10-26T18:10:29.299Z,thrifty37,,,,,,,,,,,3.4,2025-10-28T15:42:26.310008
206689,Jim’s Variety and Package,,15 W Farms Rd,Northampton,MA,01062,,,,,,0,,,,,,,,,,,,,1.4,2025-10-28T15:42:26.310008
92643,King Street Convenience,,60 King St,Northampton,MA,01060-3222,,,0,,,0,,,,,,,,,,,,,3.6,2025-10-28T15:42:26.310008
145261,Mobil,,15 Locust,Northampton,MA,01060,,,,,,2.99,2025-10-27T22:25:15.648Z,dpdeb,,,,,,3.99,,,,,4.1,2025-10-28T15:42:26.310008
83595,Pride,,375 King St,Northampton,MA,01060-2370,,,,,,2.89,2025-10-28T12:49:56.531Z,dpdeb,,,,,,3.99,,,,,4.3,2025-10-28T15:42:26.310008
198603,Racing Mart,,54 Easthampton Rd,Northampton,MA,01060,,,,,,0,,,,,,,,0,,,,,4,2025-10-28T15:42:26.310008
51547,Shell,,506 Pleasant St,Northampton,MA,01060-3919,,,,,,2.99,2025-10-26T18:03:53.843Z,thrifty37,,,,,,,,,,,3.5,2025-10-28T15:42:26.310008
100676,Stop & Shop,,228 King St,Northampton,MA,01060-2332,,,,,,2.89,2025-10-28T12:51:57.123Z,dpdeb,,,,,,,,,,,2.9,2025-10-28T15:42:26.310008
159708,Sunoco,,776 N King St,Northampton,MA,01060,,,,,,2.93,2025-10-27T17:46:58.246Z,slyzzard,,,,,,3.89,,,,,4.2,2025-10-28T15:42:26.310008
108991,Sunoco,,430 N Main St,Northampton,MA,01060,,,,,,3.04,2025-10-28T12:43:17.212Z,dpdeb,,,,,,3.94,,,,,4,2025-10-28T15:42:26.310008
63245,Speedway,,468 West St,South Amherst,MA,01002-2965,,,,,,2.95,2025-10-28T10:15:56.409Z,jackcz,,,,,,3.99,,,,,4.6,2025-10-28T15:42:10.640606
198192,Cumberland Farms,,31 Elm St,South Deerfield,MA,01373,,,,,,0,,,,,,,,0,,,,,4.7,2025-10-28T15:42:26.310008
136567,Irving,,1 Sunderland Rd,South Deerfield,MA,01093,,,,,,2.9,2025-10-28T10:16:32.911Z,jackcz,,,,,,,,,,,4.6,2025-10-28T15:42:26.310008
113472,Irving,,1 Greenfield Rd,South Deerfield,MA,01373-9618,,,,,,2.9,2025-10-28T10:16:42.572Z,jackcz,,,,,,3.71,,,,,4.5,2025-10-28T15:42:26.310008
146901,Neighbors Convenience Store,,242 Conway Rd  ,South Deerfield,MA,01373,,,,,,0,,,,,,,,,,,,,3.8,2025-10-28T15:42:26.310008
63262,Big Y Express,,467 Newton St,South Hadley,MA,01075-2017,,,,,,0,,,,,,,,,,,,,4.7,2025-10-28T15:42:26.310008
90789,Cumberland Farms,,507 Newton St,South Hadley,MA,01075-2017,,,,,,2.73,2025-10-27T10:38:27.162Z,cwje,,,,,,,,,,,4.8,2025-10-28T15:42:26.310008
118133,Gulf,,72 Lamb St,South Hadley,MA,01075-2959,,,0,,,0,,,,,,,0,0,,,,,4.1,2025-10-28T15:42:26.310008
114590,Mobil,,483 Granby Rd,South Hadley,MA,01075-2121,,,,,,0,,,,,,,,,,,,,4.4,2025-10-28T15:42:26.310008
118132,Sunoco,,19 Bridge St   ,South Hadley,MA,01075-2844,,,,,,0,,,,,,,,0,,,,,3,2025-10-28T15:42:26.310008
118134,White Wing,,568 Newton St,South Hadley,MA,01075-2029,,,2.66,2025-10-28T10:25:04.899Z,cwje,2.71,2025-10-28T10:25:04.914Z,cwje,,,,,3.69,3.74,,,,,4.7,2025-10-28T15:42:26.310008
125614,Cumberland Farms,,130 College Hwy,Southampton,MA,01073-9434,,,,,,3.09,2025-10-28T11:24:18.551Z,chrisw8769,,,,,,,,,,,4.4,2025-10-28T15:42:26.310008
131107,Sunoco,,247 College Hwy,Southampton,MA,01073-9327,,,2.99,2025-10-27T17:54:01.650Z,Buick455,3.09,2025-10-27T17:54:01.713Z,Buick455,,,,,3.49,3.59,,,,,4.5,2025-10-28T15:42:26.310008
82178,Shell,,283 Amherst Rd,Sunderland,MA,01375-9489,,,3.29,2025-10-28T10:42:20.658Z,loki2469,3.29,2025-10-28T10:42:20.674Z,loki2469,,,,,,,,,,,4,2025-10-28T15:42:26.310008
134857,FL Roberts,,372 State Rd.,Whately,MA,1093,,,,,,0,,,,,,,,0,,,,,4.2,2025-10-28T15:42:26.310008
88059,Cumberland Farms,,35-37 Main St,Williamsburg,MA,01096-9409,,,,,,0,,,,,,,,,,,,,5,2025-10-28T15:42:26.310008
11560,CITGO,,978 Williamston Rd,Dansville,MI,48819,,,,,,0,,,,,,,,0,,,,,3.4,2025-10-28T15:42:12.509793
11967,Swan Fuel Service,,1615 E Mason St,Dansville,MI,48819,,,,,,0,,,,,,,,0,,,,,3.9,2025-10-28T15:42:12.509793
17214,Marathon,,12997 S US-27,DeWitt,MI,48820,,,,,,3.09,2025-10-27T10:39:15.377Z,HawkPilot,,,,,,3.39,,,,,4.3,2025-10-28T15:42:12.660534
22009,Meijer,,12875 Old US-27,DeWitt,MI,48820,,,,,,3.05,2025-10-27T23:34:31.607Z,#12#_Sanvan,,,,,,3.69,,,,,4.2,2025-10-28T15:42:12.660534
14919,Speedway,,14004 US-27,DeWitt,MI,48820,,,,,,3.09,2025-10-28T15:37:48.983Z,Swindle0519E,,,,,,3.89,,,,,3.8,2025-10-28T15:42:12.660534
14920,Speedway,,13155 S US-27,DeWitt,MI,48820,,,,,,3.09,2025-10-27T21:39:53.019Z,ZayneWolf,,,,,,3.99,,,,,4.4,2025-10-28T15:42:12.660534
2363,Marathon,,7262 Lansing Rd,Dimondale,MI,48821,,,3.14,2025-10-27T11:25:25.429Z,AllGold,3.14,2025-10-27T11:25:25.429Z,AllGold,,,,,3.89,3.89,,,,,3.6,2025-10-28T15:42:13.200128
12219,Mobil,,364 Creyts Rd,Dimondale,MI,48821,,,,,,2.98,2025-10-27T16:44:47.557Z,visitor,,,,,,,,,,,4.7,2025-10-28T15:42:13.200128
882,Admiral,,1120 E Grand River Ave,East Lansing,MI,48823,,,,,,3.29,2025-10-26T23:31:59.600Z,philippucillo,,,,,,,,,,,3.4,2025-10-28T15:42:12.376356
195230,Costco,,2540 E Saginaw Hwy,East Lansing,MI,48823,,,,,,2.99,2025-10-28T15:41:56.188Z,mustang642,,,,,,,,,,,4.5,2025-10-28T15:42:12.376356
1228,Marathon,,3010 E Lake Lansing Rd,East Lansing,MI,48823,,,,,,3.05,2025-10-28T15:34:37.241Z,Punai,,,,,,3.89,,,,,4.6,2025-10-28T15:42:12.376356
1281,Marathon,,1198 S Harrison Rd,East Lansing,MI,48823,,,,,,3.05,2025-10-28T12:06:35.555Z,jpaluch,,,,,,3.89,,,,,4.5,2025-10-28T15:42:12.376356
907,Marathon,,1435 E Grand River Ave,East Lansing,MI,48823,,,,,,3.24,2025-10-28T14:43:43.214Z,bruce553333,,,,,,,,,,,2.8,2025-10-28T15:42:12.376356
146501,Meijer,,7149 E Saginaw St,East Lansing,MI,48823,,,,,,3.17,2025-10-28T14:42:13.535Z,Buddy_gqdnq3mp,,,,,,3.89,,,,,4.2,2025-10-28T15:42:12.376356
1224,Mobil,,1500 Haslett Rd,East Lansing,MI,48823,,,3.24,2025-10-28T15:38:47.907Z,Buddy_gqdnq3mp,3.29,2025-10-28T15:38:47.922Z,Buddy_gqdnq3mp,,,,,3.79,3.79,,,,,4.2,2025-10-28T15:42:12.376356
254,Shell,,1831 E Grand River Ave,East Lansing,MI,48823,,,,,,3.06,2025-10-28T14:42:41.353Z,bruce553333,,,,,,,,,,,4.4,2025-10-28T15:42:12.376356
1223,Speedway,,111 W Lake Lansing Rd,East Lansing,MI,48823,,,,,,3.09,2025-10-28T14:13:54.642Z,Buddy_gqdnq3mp,,,,,,3.89,,,,,4.2,2025-10-28T15:42:12.376356
15044,Speedway,,7765 E Old MI-78,East Lansing,MI,48823,,,,,,3.17,2025-10-28T14:41:09.807Z,Buddy_gqdnq3mp,,,,,,3.89,,,,,4.1,2025-10-28T15:42:12.376356
12385,Family Fare,,1415 S Main St,Eaton Rapids,MI,48827-1959,,,,,,3.29,2025-10-26T19:17:15.625Z,Kisseelynn0,,,,,,0,,,,,4.6,2025-10-28T15:42:12.592582
12218,Marathon,,919 S Main St,Eaton Rapids,MI,48827,,,,,,2.94,2025-10-28T08:24:27.631Z,koolkatt269,,,,,,,,,,,3.6,2025-10-28T15:42:12.592582
19375,Quality Dairy,,118 S Main St,Eaton Rapids,MI,49092,,,,,,2.97,2025-10-28T08:25:42.240Z,koolkatt269,,,,,,,,,,,3.5,2025-10-28T15:42:12.592582
12386,Speedway,,1202 S Main St,Eaton Rapids,MI,48827-1956,,,,,,2.94,2025-10-28T08:24:08.171Z,koolkatt269,,,,,,3.89,,,,,4.4,2025-10-28T15:42:12.592582
32611,Admiral,,1102 E Main St,Edmore,MI,48829,,,,,,3.15,2025-10-28T11:53:53.529Z,lthies55,,,,,,3.57,,,,,3.7,2025-10-28T15:42:11.254417
35019,Marathon,,218 East Main ,Edmore,MI,48829,,,3.14,2025-10-28T11:53:38.552Z,lthies55,3.14,2025-10-28T11:53:38.612Z,lthies55,,,,,3.49,3.49,,,,,4.1,2025-10-28T15:42:11.254417
35020,The Depot,,1104 E Main St,Edmore,MI,48829,,,,,,3.17,2025-10-28T11:54:10.751Z,lthies55,,,,,,3.57,,,,,4.6,2025-10-28T15:42:11.254417
12519,BP,,2139 Haslett Rd,Haslett,MI,48840,,,3.05,2025-10-28T11:07:04.839Z,5mbj7mgrkh,3.15,2025-10-28T11:07:04.855Z,5mbj7mgrkh,,,,,3.99,4.09,,,,,4.2,2025-10-28T15:42:12.376356
17275,Empire,,640 Main Rd,Aquebogue,NY,11901,,,3.19,2025-10-28T10:04:47.355Z,uclaup,3.33,2025-10-28T10:04:47.519Z,uclaup,,,,,,,,,,,4.2,2025-10-28T15:42:24.158373
85909,Atlantis Fresh Market,,4647 Middle Country Rd,Calverton,NY,11933,,,,,,0,,,,,,,,0,,,,,3.6,2025-10-28T15:42:24.158373
87754,Exxon,,1 Edwards Ave,Calverton,NY,11933,,,3.29,2025-10-28T10:16:15.388Z,uclaup,3.45,2025-10-28T10:16:15.404Z,uclaup,,,,,0,0,,,,,3.7,2025-10-28T15:42:24.158373
110688,Mobil,,3705 Middle Country Rd  ,Calverton,NY,11933,,,0,,,0,,,,,,,0,0,,,,,4.2,2025-10-28T15:42:24.158373
85908,Sunoco,,4123 Middle Country Rd,Calverton,NY,11933,,,2.73,2025-10-27T18:22:08.490Z,abbondanza19,2.83,2025-10-27T18:22:08.554Z,abbondanza19,,,,,3.49,3.59,,,,,3.7,2025-10-28T15:42:24.158373
163367,7-Eleven,,231 Wading River Rd,Center Moriches,NY,11934,,,,,,3.15,2025-10-27T16:28:54.438Z,DataFeed,,,,,,3.59,,,,,4.3,2025-10-28T15:42:24.158373
90924,USA Gas,,270 Main St,Center Moriches,NY,11934,,,3.19,2025-10-26T16:37:31.824Z,melchevelle,0,,,,,,,,,,,,,3.9,2025-10-28T15:42:24.158373
160865,USA Gasoline,,230 Main St,Center Moriches,NY,,,,0,,,0,,,,,,,0,0,,,,,4.4,2025-10-28T15:42:24.158373
50416,CITGO,,32001 Main Rd  ,Cutchogue,NY,11935,,,0,,,0,,,,,,,0,0,,,,,4.7,2025-10-28T15:42:24.158373
17281,Valero,,28975 Main Rd ,Cutchogue,NY,11935,,,0,,,0,,,,,,,0,0,,,,,4.7,2025-10-28T15:42:24.158373
92101,Valero,,620 Montauk Hwy,East Moriches,NY,11940,,,3.17,2025-10-26T16:35:38.053Z,melchevelle,0,,,,,,,,,,,,,3.7,2025-10-28T15:42:24.158373
80284,Wave,,476 Montauk Hwy,East Moriches,NY,11940,,,3.19,2025-10-26T16:34:36.135Z,melchevelle,0,,,,,,,3.79,0,,,,,4.2,2025-10-28T15:42:24.158373
96160,Coastal,,535 Montauk Hwy,East Quogue,NY,11942,,,3.19,2025-10-28T13:52:41.990Z,tbhq,3.31,2025-10-28T13:52:42.005Z,tbhq,,,,,3.95,0,,,,,3.1,2025-10-28T15:42:24.158373
96155,Gulf,,470 Montauk Hwy,East Quogue,NY,11942,,,3.19,2025-10-26T16:03:53.724Z,melchevelle,0,,,,,,,0,0,,,,,3.2,2025-10-28T15:42:24.158373
118985,Gulf,,336 Montauk Highway,Eastport,NY,11941,,,0,,,0,,,,,,,0,0,,,,,3,2025-10-28T15:42:24.158373
105151,Mobil,,520 Montauk Hwy,Eastport,NY,11941,,,0,,,0,,,,,,,0,0,,,,,3.1,2025-10-28T15:42:24.158373
32961,Valero,,E Moriches Riverhead Rd,Eastport,NY,11941,,,0,,,0,,,,,,,0,0,,,,,3.7,2025-10-28T15:42:24.158373
50454,USA Gasoline,,1446 Flanders Rd,Flanders,NY,11901,,,0,,,0,,,,,,,,,,,,,3.3,2025-10-28T15:42:24.158373
50479,Mobil,,239 W Montauk Hwy,Hampton Bays,NY,11946,,,0,,,0,,,,,,,0,0,,,,,3.3,2025-10-28T15:42:24.158373
17287,Shell,,172 W Montauk Hwy,Hampton Bays,NY,11946,,,,,,0,,,,,,,,0,,,,,2.7,2025-10-28T15:42:24.158373
11682,Shell,,250 E Montauk Hwy,Hampton Bays,NY,11946,,,0,,,0,,,,,,,0,0,,,,,3.3,2025-10-28T15:42:24.158373
50536,CITGO,,1429 Main Rd,Jamesport,NY,11901,,,3.29,2025-10-28T10:01:49.748Z,uclaup,3.39,2025-10-28T10:01:49.764Z,uclaup,,,,,,,,,,,4.4,2025-10-28T15:42:24.158373
50537,Valero,,1563 Main Rd  ,Jamesport,NY,11947,,,3.27,2025-10-28T10:01:33.104Z,uclaup,3.41,2025-10-28T10:01:33.190Z,uclaup,,,,,,,,,,,4.3,2025-10-28T15:42:24.158373
50555,7-Eleven,,450 CR-111,Manorville,NY,11949,,,,,,3.08,2025-10-27T02:22:29.862Z,DataFeed,,,,,,3.69,,,,,3.6,2025-10-28T15:42:24.158373
39226,Cumberland Farms,,498 CR-111,Manorville,NY,11949,,,,,,0,,,,,,,,0,,,,,4.2,2025-10-28T15:42:24.158373
50556,Mobil,,285 Wading River Rd,Manorville,NY,11949,,,,,,3.15,2025-10-28T11:13:31.036Z,DataFeed,,,,,,3.59,,,,,3.2,2025-10-28T15:42:24.158373
200320,Fast Gas,,194 Poospatuck Ln,Mastic,NY,11950,,,2.59,2025-10-26T21:50:53.583Z,Buddy_h570wv3b,2.59,2025-10-26T21:50:53.648Z,Buddy_h570wv3b,,,,,3.39,3.39,,,,,4.8,2025-10-28T15:42:24.158373
198373,Flying Arrows Gas,,130 Poospatuck Ln,Mastic,NY,11950,,,,,,0,,,,,,,,0,,,,,3.7,2025-10-28T15:42:24.158373
211998,In & Out Gas,,143 Poospatuck Ln,Mastic,NY,11950,,,,,,2.59,2025-10-26T23:34:28.952Z,JMF157,,,,,,3.29,,,,,4.7,2025-10-28T15:42:24.158373
72836,Mobil,,1525 Montauk Hwy,Mastic,NY,11950-2913,,,,,,0,,,,,,,,,,,,,3.6,2025-10-28T15:42:24.158373
163403,Montauk Native Gasoline,,182 C Poospatuck Ln,Mastic,NY,11950,,,,,,2.59,2025-10-26T21:49:38.725Z,Buddy_h570wv3b,,,,,,3.19,,,,,4.6,2025-10-28T15:42:24.158373
211278,Rez Gas Station,,114 Poospatuck Ln,Mastic,NY,11950,,,,,,2.59,2025-10-28T00:41:33.984Z,PETEDAWG1980,,,,,,3.29,,,,,4.8,2025-10-28T15:42:24.158373
72840,Shell,,1081 Mastic Rd,Mastic,NY,11950,,,0,,,0,,,,,,,0,0,,,,,3.8,2025-10-28T15:42:24.158373
50559,Sunoco,,1219 Montauk Hwy,Mastic,NY,11950-2917,,,,,,0,,,,,,,,0,,,,,3.5,2025-10-28T15:42:24.158373
72851,Valero,,1651 Montauk Hwy  ,Mastic,NY,11950-3004,,,0,,,0,,,,,,,0,0,,,,,3.2,2025-10-28T15:42:24.158373
81653,Gulf,,2 Madison St,Mastic Beach,NY,11950,,,2.89,2025-10-27T20:04:37.279Z,hennebornbruce,0,,,,,,,,,,,,,3.1,2025-10-28T15:42:24.158373
50562,BP,,16900 MAIN RD,Mattituck,NY,11952,,,3.29,2025-10-27T20:26:02.047Z,uclaup,3.39,2025-10-27T20:26:02.140Z,uclaup,,,,,0,0,,,,,4.6,2025-10-28T15:42:24.158373
50560,Gulf,,7400 Main Rd,Mattituck,NY,11952,,,3.27,2025-10-28T09:58:53.592Z,uclaup,3.41,2025-10-28T09:58:53.670Z,uclaup,,,,,3.49,3.63,,,,,4.2,2025-10-28T15:42:24.158373
50567,US Fuel,,1146 Middle Country Rd,Middle Island,NY,11953-2527,,,,,,2.79,2025-10-27T15:13:37.436Z,gbmbg,,,,,,3.45,,,,,2.3,2025-10-28T15:42:24.158373
136235,Coastal,,200 Montauk Hwy,Moriches,NY,11955,,,,,,2.83,2025-10-26T17:06:55.132Z,melchevelle,,,,,,3.49,,,,,4.8,2025-10-28T15:42:24.158373
50605,BP,,32400 COUNTY ROAD 48,Peconic,NY,11958,,,0,,,0,,,,,,,0,0,,,,,3.9,2025-10-28T15:42:24.158373
50610,Speedway,,38 Montauk Hwy,Quogue,NY,11959,,,,,,3.25,2025-10-27T16:28:27.414Z,DataFeed,,,,,,3.99,,,,,3,2025-10-28T15:42:24.158373
88006,BP,,1470 MIDDLE COUNTRY RD,Ridge,NY,11961,,,,,,0,,,,,,,,0,,,,,3.8,2025-10-28T15:42:24.158373
131052,Mobil,,153 Middle Country Rd,Ridge,NY,11961,,,2.86,2025-10-27T12:49:38.787Z,abbondanza19,2.96,2025-10-27T12:49:38.801Z,abbondanza19,,,,,3.65,3.75,,,,,4.8,2025-10-28T15:42:24.158373
83307,Mobil,,1823 Middle Country Rd,Ridge,NY,11961,,,2.79,2025-10-28T09:56:37.139Z,DonnyMe16,2.79,2025-10-28T09:56:37.152Z,DonnyMe16,,,,,3.45,3.45,,,,,4.5,2025-10-28T15:42:24.158373
124139,Shell,,1511 Middle Country Rd,Ridge,NY,11961,,,2.85,2025-10-26T13:50:28.438Z,patsan,2.85,2025-10-26T13:50:28.520Z,patsan,,,,,,,,,,,3.5,2025-10-28T15:42:24.158373
50619,7-Eleven,,1733 Old Country Rd  ,Riverhead,NY,11901-4422,,,2.79,2025-10-27T21:26:12.613Z,erectheum,2.87,2025-10-27T21:26:12.691Z,erectheum,,,,,3.79,3.87,,,,,4.3,2025-10-28T15:42:24.158373
50621,76,,301 Flanders Rd,Riverhead,NY,11901,,,2.89,2025-10-28T10:09:42.905Z,uclaup,2.99,2025-10-28T10:09:43.012Z,uclaup,,,,,0,0,,,,,3.5,2025-10-28T15:42:24.158373
17296,76,,415 Flanders Rd,Riverhead,NY,11901,,,2.89,2025-10-28T10:09:19.448Z,uclaup,2.99,2025-10-28T10:09:19.558Z,uclaup,,,,,0,0,,,,,3.5,2025-10-28T15:42:24.158373
50616,76,,7 Peconic Ave,Riverhead,NY,11901,,,2.87,2025-10-28T10:10:53.266Z,uclaup,2.97,2025-10-28T10:10:53.376Z,uclaup,,,,,,,,,,,3.6,2025-10-28T15:42:24.158373
50611,BJ's,,841 Old Country Rd,Riverhead,NY,11901,,,,,,2.79,2025-10-27T21:32:15.144Z,erectheum,,,,,,,,,,,4.5,2025-10-28T15:42:24.158373
91086,BP,,626 W Main St,Riverhead,NY,11901,,,0,,,0,,,,,,,0,0,,,,,4.7,2025-10-28T15:42:24.158373
169383,Costco,,1768 Old Country Rd,Riverhead,NY,11901,,,,,,2.83,2025-10-27T16:22:41.802Z,DataFeed,,,,,,,,,,,4.7,2025-10-28T15:42:24.158373
50613,Empire,,640 Old Country Rd,Riverhead,NY,11901,,,2.99,2025-10-27T21:32:40.208Z,erectheum,3.13,2025-10-27T21:32:40.281Z,erectheum,,,,,3.87,4.01,,,,,3.3,2025-10-28T15:42:24.158373
50614,Empire,,1050 Osborne Ave,Riverhead,NY,11901,,,2.77,2025-10-27T21:28:51.869Z,erectheum,2.87,2025-10-27T21:28:51.947Z,erectheum,,,,,,,,,,,3.5,2025-10-28T15:42:24.158373
91087,Mobil,,415 E Main St,Riverhead,NY,11901,,,0,,,0,,,,,,,0,0,,,,,4.5,2025-10-28T15:42:24.158373
50620,Mobil,,1575 Old Country Rd,Riverhead,NY,11901,,,2.78,2025-10-26T21:40:13.605Z,nanamex1,2.86,2025-10-26T15:42:58.647Z,a66639,,,,,0,0,,,,,4.1,2025-10-28T15:42:24.158373
91090,OK Petroleum,,1212 E Main St,Riverhead,NY,11901,,,0,,,0,,,,,,,0,0,,,,,3.2,2025-10-28T15:42:24.158373
50622,Shell,,9 Lake Ave,Riverhead,NY,11901,,,0,,,0,,,,,,,0,0,,,,,3.8,2025-10-28T15:42:24.158373
50617,Speedway,,870 Old Country Rd,Riverhead,NY,11901,,,,,,2.87,2025-10-27T21:32:26.187Z,erectheum,,,,,,3.89,,,,,3.9,2025-10-28T15:42:24.158373
50618,Sunoco,,1879 Old Country Rd 58,Riverhead,NY,11901,,,0,,,0,,,,,,,0,0,,,,,3.6,2025-10-28T15:42:24.158373
50612,Valero,,1356 OLD COUNTRY RD,Riverhead,NY,11901,,,2.79,2025-10-27T21:28:35.677Z,erectheum,2.89,2025-10-27T21:28:35.770Z,erectheum,,,,,,,,,,,3.8,2025-10-28T15:42:24.158373
88302,Best Value Fuels,,557 N Country Rd,Rocky Point,NY,11778,,,0,,,0,,,,,,,0,0,,,,,4.7,2025-10-28T15:42:24.158373
88305,Gas Plus,,613 N Country Rd,Rocky Point,NY,11778,,,0,,,0,,,,,,,0,0,,,,,2.6,2025-10-28T15:42:24.158373
112328,US Petroleum,,NY-25A,Rocky Point,NY,11778,,,0,,,0,,,,,,,0,0,,,,,1.8,2025-10-28T15:42:24.158373
111387,Valero,,779 ROUTE 25A,Rocky Point,NY,11778,,,0,,,0,,,,,,,0,0,,,,,2.6,2025-10-28T15:42:24.158373
50631,BP,,741 MONTAUK HWY,Shirley,NY,11967,,,0,,,0,,,,,,,0,0,,,,,3.5,2025-10-28T15:42:24.158373
72832,CITGO,,980 Montauk Hwy,Shirley,NY,11967-2118,,,,,,2.89,2025-10-26T17:10:33.363Z,melchevelle,,,,,,3.6,,,,,3.3,2025-10-28T15:42:24.158373
185852,Mobil,,1430 William Floyd Pkwy,Shirley,NY,11967,,,0,,,0,,,,,,,0,0,,,,,3.2,2025-10-28T15:42:24.158373
74001,Mobil,,520 William Floyd Pkwy (SB),Shirley,NY,11967-3402,,,0,,,0,,,,,,,0,0,,,,,3.3,2025-10-28T15:42:24.158373
74117,Mobil,,461 William Floyd Pkwy  ,Shirley,NY,11967,,,0,,,0,,,,,,,0,0,,,,,3.7,2025-10-28T15:42:24.158373
50632,Shell,,737 Montauk Hwy,Shirley,NY,11967,,,,,,2.75,2025-10-28T07:51:49.957Z,llegomikey,,,,,,3.57,,,,,4.1,2025-10-28T15:42:24.158373
116434,Speedway,,525 William Floyd Pkwy,Shirley,NY,11967,,,,,,2.77,2025-10-27T17:14:53.084Z,Blurr26,,,,,,3.59,,,,,3.9,2025-10-28T15:42:24.158373
50637,BP,,10 County Road 39,Southampton,NY,11968,,,0,,,0,,,,,,,0,0,,,,,3.7,2025-10-28T15:42:24.158373
50638,Cumberland Farms,,13 CR-39,Southampton,NY,11968,,,,,,0,,,,,,,,,,,,,3.6,2025-10-28T15:42:24.158373
86828,Enstine,,635 Hill St,Southampton,NY,11968,,,,,,0,,,,,,,,0,,,,,3,2025-10-28T15:42:24.158373
85783,Gas Hampton,,2000 CR-39,Southampton,NY,11968,,,0,,,0,,,,,,,0,0,,,,,4.6,2025-10-28T15:42:24.158373
87224,Gulf,,270 Hampton Rd,Southampton,NY,11968,,,,,,0,,,,,,,,0,,,,,2.7,2025-10-28T15:42:24.158373
87893,Mobil,,380 North Sea Rd,Southampton,NY,11968,,,,,,0,,,,,,,,0,,,,,3.5,2025-10-28T15:42:24.158373
85784,Shell,,1630 CR-39,Southampton,NY,11968,,,0,,,0,,,,,,,0,0,,,,,4.3,2025-10-28T15:42:24.158373
83675,Speedway,,816 CR-39,Southampton,NY,11968,,,,,,3.04,2025-10-27T16:28:36.648Z,DataFeed,,,,,,,,,,,3.5,2025-10-28T15:42:24.158373
83677,Sunoco,,500 CR-39,Southampton,NY,11968,,,0,,,0,,,,,,,,,,,,,3.2,2025-10-28T15:42:24.158373
19379,Gulf,,49670 Main Rd,Southold,NY,11971,,,0,,,0,,,,,,,,,,,,,4.3,2025-10-28T15:42:24.158373
207123,Gulf,,3585 Youngs Ave,Southold,NY,11971,,,0,,,0,,,,,,,0,0,,,,,5,2025-10-28T15:42:24.158373
70431,CITGO,,2051 Wading River Manor Rd,Wading River,NY,11792,,,,,,0,,,,,,,,0,,,,,3,2025-10-28T15:42:24.158373
76215,Speedway,,6305 NY-25A,Wading River,NY,11792,,,,,,2.89,2025-10-27T16:28:35.701Z,DataFeed,,,,,,3.83,,,,,3,2025-10-28T15:42:24.158373
81889,Valero,,5904 NY-25A,Wading River,NY,11792,,,0,,,0,,,,,,,,,,,,,3.6,2025-10-28T15:42:24.158373
50652,Shell,,960 Montauk Hwy,Watermill,NY,11976,,,0,,,0,,,,,,,0,0,,,,,3.2,2025-10-28T15:42:24.158373
56850,Speedway,,1138 Montauk Hwy,Watermill,NY,11976,,,,,,3.29,2025-10-26T16:25:22.890Z,DataFeed,,,,,,,,,,,2.7,2025-10-28T15:42:24.158373
50667,USA Gasoline,,2 Montauk Hwy,Westhampton,NY,11977,,,0,,,0,,,,,,,0,0,,,,,1.6,2025-10-28T15:42:24.158373
56876,Valero,,112 Montauk Hwy,Westhampton Beach,NY,11978-1706,,,0,,,0,,,,,,,0,0,,,,,1.4,2025-10-28T15:42:24.158373
